{
  "features": [
    "preg",
    "plas",
    "pres",
    "skin",
    "insu",
    "mass",
    "pedi",
    "age"
  ],
  "target": "class",
  "model": "LogisticRegression (balanced, max_iter=1000)",
  "preprocessing": [
    "SimpleImputer(median)",
    "StandardScaler()"
  ],
  "metrics": {
    "accuracy": 0.7337662337662337,
    "precision": 0.6031746031746031,
    "recall": 0.7037037037037037,
    "f1": 0.6495726495726496,
    "roc_auc": 0.8125925925925926,
    "confusion_matrix": [
      [
        75,
        25
      ],
      [
        16,
        38
      ]
    ]
  }
}